{
  "system_summary": {
    "wavelength_m": 0.0125,
    "wavelength_mm": 12.5,
    "frequency_ghz": 24.0,
    "tx_power_dbm": 20.0,
    "ref_count": 2,
    "slope_count": 3,
    "min_range_m": 206.31044568804558,
    "max_range_m": 1021.4249850086887,
    "min_los_gain_slope": 0.9635139295234503,
    "max_los_gain_slope": 0.9680615550165103
  },
  "reflectors": [
    {
      "name": "REF_A",
      "role": "ref",
      "pos_x_m": 200.0,
      "pos_y_m": -50.0,
      "pos_z_m": 10.0,
      "range_m": 206.31044568804558,
      "u_los_x": 0.969412863866392,
      "u_los_y": -0.242353215966598,
      "u_los_z": 0.03877651455465568,
      "vertical_angle_deg": 2.222287777665383,
      "azimuth_deg": 104.03624346792648,
      "sensitivity_mm_per_rad": 0.9947183943243458,
      "sensitivity_rad_per_mm": 1.0053096491487339,
      "los_gain_for_motion": null,
      "predicted_los_mm_per_true_mm": null
    },
    {
      "name": "REF_B",
      "role": "ref",
      "pos_x_m": 210.0,
      "pos_y_m": 40.0,
      "pos_z_m": 12.0,
      "range_m": 214.00934559032697,
      "u_los_x": 0.9812655583835952,
      "u_los_y": 0.18690772540639908,
      "u_los_z": 0.04672693135159977,
      "vertical_angle_deg": 2.6782311706990343,
      "azimuth_deg": 79.2157021324374,
      "sensitivity_mm_per_rad": 0.9947183943243458,
      "sensitivity_rad_per_mm": 1.0053096491487339,
      "los_gain_for_motion": null,
      "predicted_los_mm_per_true_mm": null
    },
    {
      "name": "SLOPE_01",
      "role": "slope",
      "pos_x_m": 1000.0,
      "pos_y_m": -80.0,
      "pos_z_m": 60.0,
      "range_m": 1004.8701408639824,
      "u_los_x": 0.9951534624565567,
      "u_los_y": -0.07961227699652454,
      "u_los_z": 0.05771890082248029,
      "vertical_angle_deg": 3.308888397016396,
      "azimuth_deg": 94.57392125990086,
      "sensitivity_mm_per_rad": 0.9947183943243458,
      "sensitivity_rad_per_mm": 1.0053096491487339,
      "los_gain_for_motion": 0.9635139295234503,
      "predicted_los_mm_per_true_mm": 0.9635139295234503
    },
    {
      "name": "SLOPE_02",
      "role": "slope",
      "pos_x_m": 1020.0,
      "pos_y_m": -10.0,
      "pos_z_m": 55.0,
      "range_m": 1021.4249850086887,
      "u_los_x": 0.9986049048832728,
      "u_los_y": -0.009790244165522283,
      "u_los_z": 0.051888294077268096,
      "vertical_angle_deg": 2.974315948583229,
      "azimuth_deg": 90.56170533256655,
      "sensitivity_mm_per_rad": 0.9947183943243458,
      "sensitivity_rad_per_mm": 1.0053096491487339,
      "los_gain_for_motion": 0.9680615550165103,
      "predicted_los_mm_per_true_mm": 0.9680615550165103
    },
    {
      "name": "SLOPE_03",
      "role": "slope",
      "pos_x_m": 990.0,
      "pos_y_m": 60.0,
      "pos_z_m": 50.0,
      "range_m": 992.9773411312062,
      "u_los_x": 0.9970016021434946,
      "u_los_y": 0.06042433952384816,
      "u_los_z": 0.048339471619078526,
      "vertical_angle_deg": 2.770727484840054,
      "azimuth_deg": 86.53177074108285,
      "sensitivity_mm_per_rad": 0.9947183943243458,
      "sensitivity_rad_per_mm": 1.0053096491487339,
      "los_gain_for_motion": 0.9672002550659331,
      "predicted_los_mm_per_true_mm": 0.9672002550659331
    }
  ]
}